epoch,time,train/box_loss,train/cls_loss,train/dfl_loss,metrics/precision(B),metrics/recall(B),metrics/mAP50(B),metrics/mAP50-95(B),val/box_loss,val/cls_loss,val/dfl_loss,lr/pg0,lr/pg1,lr/pg2
1,20.8342,1.05682,2.64209,1.57575,0.00333,1,0.24132,0.0947,0.24396,3.10069,0.90732,0.000444444,0.000444444,0.000444444
2,35.6473,0.40648,2.36029,1.14235,0.00333,1,0.9725,0.71202,0.29453,3.11862,0.88599,0.00110011,0.00110011,0.00110011
3,49.6189,0.47005,2.1578,1.11623,0.00333,1,0.88164,0.76446,0.45332,3.26964,0.9643,0.00174258,0.00174258,0.00174258
4,63.7299,0.52922,1.97226,1.11922,0.00333,1,0.80072,0.25309,1.44581,3.96302,2.90841,0.0019406,0.0019406,0.0019406
5,77.4445,0.60133,1.78338,1.20239,0.00091,0.27273,0.0151,0.00224,4.17636,6.5705,7.41353,0.0019208,0.0019208,0.0019208
6,90.6151,0.77246,1.69395,1.35052,0.00091,0.27273,0.0151,0.00224,4.17636,6.5705,7.41353,0.001901,0.001901,0.001901
7,104.353,0.60995,1.54489,1.15797,0.00152,0.45455,0.12769,0.05569,2.67678,4.68479,4.7088,0.0018812,0.0018812,0.0018812
8,118.091,0.52533,1.41009,1.15298,0.00061,0.18182,0.09909,0.05782,4.75414,6.79249,6.84814,0.0018614,0.0018614,0.0018614
9,131.831,0.45681,1.29779,1.09473,0,0,0,0,5.14227,7.19173,6.40392,0.0018416,0.0018416,0.0018416
10,145.551,0.3826,1.16401,1.05397,0,0,0,0,5.14227,7.19173,6.40392,0.0018218,0.0018218,0.0018218
11,159.235,0.42579,1.07869,1.0709,0,0,0,0,5.3398,6.93589,8.13372,0.001802,0.001802,0.001802
12,173.557,0.37726,0.9854,1.05274,0.00182,0.54545,0.02113,0.0027,3.83464,4.78388,4.50572,0.0017822,0.0017822,0.0017822
13,187.142,0.38504,0.94355,1.02742,0.00333,1,0.10686,0.0198,2.31303,3.63755,3.84961,0.0017624,0.0017624,0.0017624
14,200.918,0.43691,0.99856,1.04448,0.00333,1,0.10686,0.0198,2.31303,3.63755,3.84961,0.0017426,0.0017426,0.0017426
15,214.756,0.39223,0.89368,1.04098,0.00333,1,0.09087,0.02011,2.36173,3.97094,3.60893,0.0017228,0.0017228,0.0017228
16,228.22,0.3595,0.80443,1.00356,0.00152,0.45455,0.00551,0.00114,3.78655,4.65804,4.82749,0.001703,0.001703,0.001703
17,242.388,0.32324,0.78985,0.99465,0.00273,0.81818,0.01246,0.0024,3.36032,4.15971,4.45193,0.0016832,0.0016832,0.0016832
18,256.206,0.34409,0.74561,1.0334,0.00273,0.81818,0.01246,0.0024,3.36032,4.15971,4.45193,0.0016634,0.0016634,0.0016634
19,269.888,0.29449,0.73258,1.04547,0.00333,1,0.06233,0.01344,3.09885,3.74975,5.04352,0.0016436,0.0016436,0.0016436
20,284.276,0.30611,0.70499,0.94955,0.00182,0.54545,0.01447,0.00189,3.75196,4.43532,5.3121,0.0016238,0.0016238,0.0016238
21,298.217,0.28962,0.68361,0.96383,0.00091,0.27273,0.00241,0.00025,4.13546,4.60548,5.45827,0.001604,0.001604,0.001604
22,311.789,0.26833,0.67668,0.98579,0.00091,0.27273,0.00241,0.00025,4.13546,4.60548,5.45827,0.0015842,0.0015842,0.0015842
23,325.366,0.27378,0.70306,0.99364,0.00121,0.36364,0.00264,0.00059,3.96005,6.03709,4.26398,0.0015644,0.0015644,0.0015644
24,339.127,0.2593,0.66853,0.96112,0.05336,0.09091,0.02753,0.00417,3.27485,5.25552,3.92852,0.0015446,0.0015446,0.0015446
25,352.5,0.25739,0.64943,0.93029,0.0561,0.72727,0.07057,0.01825,2.47835,4.63057,3.38539,0.0015248,0.0015248,0.0015248
26,365.793,0.29749,0.70568,0.96936,0.0561,0.72727,0.07057,0.01825,2.47835,4.63057,3.38539,0.001505,0.001505,0.001505
27,379.807,0.25506,0.62034,0.95534,0.20487,0.72727,0.20101,0.08781,1.41852,4.04104,2.09853,0.0014852,0.0014852,0.0014852
28,393.317,0.23993,0.60322,0.93185,0.49008,0.87484,0.47118,0.37523,0.60492,2.8422,1.17522,0.0014654,0.0014654,0.0014654
29,407.103,0.23137,0.57726,0.89213,0.73698,0.63636,0.75719,0.62681,0.56683,2.74849,1.17603,0.0014456,0.0014456,0.0014456
30,420.472,0.20904,0.56938,0.91612,0.73698,0.63636,0.75719,0.62681,0.56683,2.74849,1.17603,0.0014258,0.0014258,0.0014258
31,434.385,0.21677,0.60788,0.95368,0.91695,0.63636,0.84204,0.45891,0.74389,4.68673,1.57963,0.001406,0.001406,0.001406
32,448.188,0.22379,0.56074,0.95507,0.37275,0.36364,0.1929,0.04864,2.59788,5.03211,2.69107,0.0013862,0.0013862,0.0013862
33,461.922,0.20316,0.56272,0.92931,0.34965,0.54545,0.29126,0.08294,2.14623,5.46021,2.32983,0.0013664,0.0013664,0.0013664
34,475.585,0.23109,0.55109,0.93681,0.34965,0.54545,0.29126,0.08294,2.14623,5.46021,2.32983,0.0013466,0.0013466,0.0013466
35,489.172,0.21459,0.54273,0.94847,0.60254,0.72727,0.53926,0.16897,1.26226,5.01801,1.8012,0.0013268,0.0013268,0.0013268
36,502.931,0.23802,0.56182,0.93673,0.91035,1,0.9875,0.57584,0.62835,3.70866,1.44465,0.001307,0.001307,0.001307
37,516.657,0.23446,0.56512,0.92558,0.80426,0.90909,0.90588,0.88401,0.46114,2.89792,1.08508,0.0012872,0.0012872,0.0012872
38,530.3,0.21895,0.51452,0.95921,0.80426,0.90909,0.90588,0.88401,0.46114,2.89792,1.08508,0.0012674,0.0012674,0.0012674
39,543.96,0.21981,0.53633,0.95143,0.73517,0.90909,0.87227,0.82117,0.53121,2.71097,1.21639,0.0012476,0.0012476,0.0012476
40,557.509,0.2099,0.51798,0.93044,0.74556,0.90909,0.83421,0.8266,0.48196,2.70539,1.06489,0.0012278,0.0012278,0.0012278
41,571.202,0.18845,0.49526,0.91717,0.47897,0.90909,0.74585,0.72458,0.40985,3.98062,0.87807,0.001208,0.001208,0.001208
42,585.551,0.22757,0.49609,0.94948,0.47897,0.90909,0.74585,0.72458,0.40985,3.98062,0.87807,0.0011882,0.0011882,0.0011882
43,599.348,0.20171,0.47367,0.92411,0.33148,1,0.39294,0.37584,0.42191,4.55402,0.93801,0.0011684,0.0011684,0.0011684
44,613.388,0.17967,0.4965,0.91713,0.33802,1,0.43614,0.40139,0.43865,4.2437,0.97298,0.0011486,0.0011486,0.0011486
45,627.088,0.18487,0.44901,0.91722,0.55102,1,0.7117,0.68703,0.31507,3.02162,0.87885,0.0011288,0.0011288,0.0011288
46,640.405,0.19581,0.4499,0.91785,0.55102,1,0.7117,0.68703,0.31507,3.02162,0.87885,0.001109,0.001109,0.001109
47,654.186,0.17906,0.44336,0.88353,0.62023,1,0.96731,0.95192,0.25879,2.46887,0.80371,0.0010892,0.0010892,0.0010892
48,667.934,0.16871,0.45124,0.93597,0.66307,1,0.995,0.98355,0.24876,2.45917,0.74961,0.0010694,0.0010694,0.0010694
49,681.661,0.16151,0.40801,0.89974,0.51858,1,0.995,0.96391,0.26828,2.46448,0.74116,0.0010496,0.0010496,0.0010496
50,695.195,0.17119,0.4232,0.89789,0.51858,1,0.995,0.96391,0.26828,2.46448,0.74116,0.0010298,0.0010298,0.0010298
51,708.669,0.1599,0.38722,0.91018,0.94799,1,0.995,0.92955,0.20954,1.46486,0.70195,0.00101,0.00101,0.00101
52,722.389,0.16883,0.40461,0.89419,0.97411,1,0.995,0.96882,0.2195,0.91472,0.71985,0.0009902,0.0009902,0.0009902
53,736.286,0.14993,0.39458,0.88892,0.99416,1,0.995,0.97777,0.24645,0.79786,0.75304,0.0009704,0.0009704,0.0009704
54,750.095,0.18015,0.4382,0.91806,0.99416,1,0.995,0.97777,0.24645,0.79786,0.75304,0.0009506,0.0009506,0.0009506
55,763.272,0.16982,0.44482,0.93803,0.99228,1,0.995,0.995,0.24017,0.82586,0.76576,0.0009308,0.0009308,0.0009308
56,776.898,0.16916,0.43376,0.92056,0.96843,1,0.995,0.995,0.20955,1.13823,0.73454,0.000911,0.000911,0.000911
57,790.239,0.17511,0.42333,0.91087,0.39744,1,0.98,0.98,0.24333,2.37375,0.77133,0.0008912,0.0008912,0.0008912
58,803.724,0.16675,0.40083,0.90223,0.39744,1,0.98,0.98,0.24333,2.37375,0.77133,0.0008714,0.0008714,0.0008714
59,817.211,0.14989,0.40633,0.8915,0.3976,1,0.90109,0.90109,0.21467,2.74525,0.73875,0.0008516,0.0008516,0.0008516
60,830.69,0.1492,0.39913,0.90629,0.39005,1,0.89152,0.89152,0.17409,2.94535,0.7089,0.0008318,0.0008318,0.0008318
61,844.128,0.1521,0.35564,0.90236,0.44176,1,0.88132,0.88132,0.19151,3.38801,0.7327,0.000812,0.000812,0.000812
62,857.815,0.18268,0.37589,0.92311,0.44176,1,0.88132,0.88132,0.19151,3.38801,0.7327,0.0007922,0.0007922,0.0007922
63,871.161,0.1636,0.38589,0.903,0.48721,1,0.8025,0.8025,0.25001,3.63118,0.76321,0.0007724,0.0007724,0.0007724
64,884.706,0.18859,0.41404,0.92572,0.48567,1,0.59,0.54041,0.30133,4.18068,0.80675,0.0007526,0.0007526,0.0007526
65,898.146,0.16878,0.41921,0.93427,0.48735,1,0.70203,0.66128,0.38763,3.63989,0.98258,0.0007328,0.0007328,0.0007328
66,911.498,0.14608,0.35953,0.91842,0.48735,1,0.70203,0.66128,0.38763,3.63989,0.98258,0.000713,0.000713,0.000713
67,924.836,0.14981,0.37072,0.89843,0.36017,1,0.69184,0.61215,0.36045,3.73666,0.98133,0.0006932,0.0006932,0.0006932
68,938.53,0.13414,0.37015,0.9119,0.35724,1,0.73092,0.67439,0.32901,3.55396,0.94151,0.0006734,0.0006734,0.0006734
69,951.825,0.12677,0.34472,0.87655,0.37212,1,0.85914,0.83436,0.34257,3.13074,0.95589,0.0006536,0.0006536,0.0006536
70,965.421,0.14606,0.36828,0.91322,0.37212,1,0.85914,0.83436,0.34257,3.13074,0.95589,0.0006338,0.0006338,0.0006338
71,979.254,0.13623,0.34651,0.93442,0.37097,1,0.88132,0.85879,0.30463,2.92407,0.87162,0.000614,0.000614,0.000614
72,992.86,0.13146,0.34285,0.89548,0.37323,1,0.8915,0.87093,0.31478,2.98022,0.84392,0.0005942,0.0005942,0.0005942
73,1006.28,0.12337,0.33538,0.9156,0.37588,1,0.8735,0.84662,0.31065,3.03937,0.81417,0.0005744,0.0005744,0.0005744
74,1019.43,0.13822,0.33863,0.90077,0.37588,1,0.8735,0.84662,0.31065,3.03937,0.81417,0.0005546,0.0005546,0.0005546
75,1032.79,0.15193,0.35592,0.88952,0.3625,1,0.91737,0.87434,0.30802,3.13894,0.80243,0.0005348,0.0005348,0.0005348
76,1046.37,0.13206,0.33686,0.88916,0.35298,1,0.83021,0.79301,0.29871,3.1871,0.79093,0.000515,0.000515,0.000515
77,1060.22,0.12445,0.31281,0.89926,0.35081,1,0.92346,0.89778,0.24256,2.99617,0.73512,0.0004952,0.0004952,0.0004952
78,1073.95,0.12384,0.31221,0.9116,0.35081,1,0.92346,0.89778,0.24256,2.99617,0.73512,0.0004754,0.0004754,0.0004754
79,1087.45,0.14083,0.3167,0.88968,0.36215,1,0.98115,0.97146,0.19482,2.70831,0.7042,0.0004556,0.0004556,0.0004556
80,1101.05,0.11403,0.30756,0.86872,0.37736,1,0.995,0.98436,0.19018,2.3929,0.70598,0.0004358,0.0004358,0.0004358
81,1117.45,0.11449,0.31695,0.85502,0.95809,1,0.995,0.995,0.18836,1.14487,0.70705,0.000416,0.000416,0.000416
82,1137.02,0.12165,0.30789,0.87674,0.95809,1,0.995,0.995,0.18836,1.14487,0.70705,0.0003962,0.0003962,0.0003962
83,1157.36,0.12822,0.32512,0.91312,0.98905,1,0.995,0.995,0.18695,0.6033,0.70965,0.0003764,0.0003764,0.0003764
84,1177.75,0.11534,0.33884,0.90676,0.99054,1,0.995,0.995,0.163,0.60636,0.69381,0.0003566,0.0003566,0.0003566
85,1198.35,0.10935,0.27993,0.88979,0.99302,1,0.995,0.995,0.16196,0.56588,0.6858,0.0003368,0.0003368,0.0003368
86,1218.16,0.1158,0.29308,0.9175,0.99302,1,0.995,0.995,0.16196,0.56588,0.6858,0.000317,0.000317,0.000317
87,1238.32,0.10589,0.28233,0.9011,0.99473,1,0.995,0.995,0.16883,0.50951,0.685,0.0002972,0.0002972,0.0002972
88,1258.54,0.11274,0.30031,0.88539,0.99524,1,0.995,0.995,0.15839,0.462,0.67696,0.0002774,0.0002774,0.0002774
89,1279.84,0.10786,0.31607,0.92029,0.99534,1,0.995,0.995,0.1476,0.43946,0.6739,0.0002576,0.0002576,0.0002576
90,1300.4,0.10454,0.30105,0.90023,0.99534,1,0.995,0.995,0.1476,0.43946,0.6739,0.0002378,0.0002378,0.0002378
91,1321.32,0.13961,1.47245,0.89045,0.99525,1,0.995,0.995,0.15026,0.45726,0.67535,0.000218,0.000218,0.000218
92,1342.07,0.12686,1.33007,0.891,0.99516,1,0.995,0.995,0.16153,0.48469,0.68148,0.0001982,0.0001982,0.0001982
93,1361.22,0.14686,1.1552,0.99503,0.9951,1,0.995,0.995,0.17134,0.51073,0.68814,0.0001784,0.0001784,0.0001784
94,1381.09,0.15961,0.93291,0.97201,0.9951,1,0.995,0.995,0.17134,0.51073,0.68814,0.0001586,0.0001586,0.0001586
95,1401.26,0.12357,0.82415,0.89922,0.99503,1,0.995,0.995,0.17556,0.51355,0.69169,0.0001388,0.0001388,0.0001388
96,1421.69,0.15407,0.65688,1.02919,0.99485,1,0.995,0.995,0.18273,0.5591,0.69711,0.000119,0.000119,0.000119
97,1440.21,0.11161,0.63029,0.88605,0.99464,1,0.995,0.98436,0.1997,0.60982,0.71314,9.92e-05,9.92e-05,9.92e-05
98,1454.17,0.10182,0.58287,0.9352,0.99464,1,0.995,0.98436,0.1997,0.60982,0.71314,7.94e-05,7.94e-05,7.94e-05
99,1467.96,0.10052,0.60408,0.87673,0.99446,1,0.995,0.98436,0.20604,0.6569,0.72077,5.96e-05,5.96e-05,5.96e-05
100,1481.43,0.09549,0.5481,0.92692,0.99367,1,0.995,0.97373,0.20567,0.71637,0.72291,3.98e-05,3.98e-05,3.98e-05
